supplier,region,postcode,scraped_at,tariff_name,elec_unit_rate_p,elec_day_rate_p,elec_night_rate_p,elec_standing_p,gas_unit_rate_p,gas_standing_p,exit_fee_gbp,contract_months,error
eon_next,Eastern,IP4 5ET,2026-01-25T03:56:07.229824,,,,,,,,,,No valid residential addresses found
eon_next,East Midlands,DE23 6JJ,2026-01-25T03:57:05.558005,Next Fixed 18m v30,23.79,5.64,,49.08,5.64,33.75,50,,
eon_next,London,N5 2SD,2026-01-25T03:58:35.865092,Next Fixed 18m v30,24.0,5.25,,47.11,5.25,35.62,50,,
eon_next,North Wales & Merseyside,L3 2BN,2026-01-25T04:02:34.697276,Next Fixed 18m v30,25.43,5.21,,71.01,5.21,35.49,50,,
eon_next,West Midlands,SY2 6HL,2026-01-25T04:03:57.121648,Next Fixed 18m v30,23.92,5.7,,53.0,5.7,34.05,50,,
eon_next,North East,NE2 1UY,2026-01-25T04:07:22.474598,Next Fixed 18m v30,23.93,5.8,,59.86,5.8,34.15,50,,
eon_next,North West,PR4 2NB,2026-01-25T04:10:55.726242,Next Fixed 18m v30,25.06,5.24,,49.04,5.24,35.23,50,,
eon_next,South East,BN2 7HQ,2026-01-25T04:12:38.723875,Next Fixed 18m v30,25.54,5.2,,48.66,5.2,34.68,50,,
eon_next,Southern,BH6 4AS,2026-01-25T04:14:10.047813,Next Fixed 18m v30,25.19,5.32,,45.7,5.32,34.55,50,,
eon_next,South Wales,CF14 2DY,2026-01-25T04:17:59.247717,Next Fixed 18m v30,25.1,5.19,,52.75,5.19,35.35,50,,
eon_next,South West,PL9 7BS,2026-01-25T04:19:17.388998,Next Fixed 18m v30,25.19,5.25,,55.11,5.25,34.71,50,,
eon_next,Yorkshire,YO31 1DT,2026-01-25T04:20:48.780704,Next Fixed 18m v30,23.93,5.8,,59.86,5.8,34.15,50,,
eon_next,North Scotland,AB24 3EN,2026-01-25T04:23:58.611225,Next Fixed 18m v30,25.0,5.12,,62.06,5.12,35.28,50,,
eon_next,South Scotland,G20 6NQ,2026-01-25T04:27:14.663906,Next Fixed 18m v30,24.7,5.14,,57.62,5.14,35.3,50,,
british_gas,Eastern,IP4 5ET,2026-01-25T03:53:28.290706,Fixed Tariff Jan27 v2,27.011,,,48.388,5.564,33.806,£50 per fuel,,
british_gas,East Midlands,DE23 6JJ,2026-01-25T03:54:37.566082,Fixed Tariff Jan27 v2,26.036,,,49.222,5.537,33.89,£50 per fuel,,
british_gas,London,N5 2SD,2026-01-25T03:55:39.684570,Fixed Tariff Jan27 v2,26.114,,,46.193,5.775,34.709,£50 per fuel,,
british_gas,North Wales & Merseyside,L3 2BN,2026-01-25T03:58:15.995840,Fixed Tariff Jan27 v2,28.204,,,70.084,5.817,34.571,£50 per fuel,,
british_gas,West Midlands,SY2 6HL,2026-01-25T03:59:21.345530,Fixed Tariff Jan27 v2,26.126,,,53.137,5.585,34.192,£50 per fuel,,
british_gas,North East,NE2 1UY,2026-01-25T04:00:33.933945,Fixed Tariff Jan27 v2,25.91,,,60.002,5.695,34.284,£50 per fuel,,
british_gas,North West,PR4 2NB,2026-01-25T04:03:08.920457,Fixed Tariff Jan27 v2,27.591,,,51.294,5.405,34.312,£50 per fuel,,
british_gas,South East,BN2 7HQ,2026-01-25T04:04:07.526847,Fixed Tariff Jan27 v2,27.401,,,47.732,5.605,33.74,£50 per fuel,,
british_gas,Southern,BH6 4AS,2026-01-25T04:05:00.736320,Fixed Tariff Jan27 v2,26.957,,,44.76,5.692,33.619,£50 per fuel,,
british_gas,South Wales,CF14 2DY,2026-01-25T04:07:25.145945,Fixed Tariff Jan27 v2,27.316,,,51.826,5.819,34.439,£50 per fuel,,
british_gas,South West,PL9 7BS,2026-01-25T04:08:29.301619,Fixed Tariff Jan27 v2,27.305,,,54.17,5.91,33.78,£50 per fuel,,
british_gas,Yorkshire,YO31 1DT,2026-01-25T04:09:39.283793,Fixed Tariff Jan27 v2,25.91,,,60.002,5.695,34.284,£50 per fuel,,
british_gas,North Scotland,AB24 3EN,2026-01-25T04:12:00.500382,Fixed Tariff Jan27 v2,27.538,,,61.135,5.541,34.353,£50 per fuel,,
british_gas,South Scotland,G20 6NQ,2026-01-25T04:13:03.975444,Fixed Tariff Jan27 v2,26.316,,,56.687,5.726,34.382,£50 per fuel,,
ovo,Eastern,IP4 5ET,2026-01-25T03:53:25.481590,1 Year Fixed,27.11,,,58.23,6.05,24.83,£50 per fuel,,
ovo,East Midlands,DE23 6JJ,2026-01-25T03:55:00.400847,1 Year Fixed,26.17,,,58.15,6.0,24.92,£50 per fuel,,
ovo,London,N5 2SD,2026-01-25T03:56:21.223452,1 Year Fixed,26.7,,,51.03,6.21,25.64,£50 per fuel,,
ovo,North Wales & Merseyside,L3 2BN,2026-01-25T03:59:31.589889,1 Year Fixed,28.26,,,75.18,6.09,25.58,£50 per fuel,,
ovo,West Midlands,SY2 6HL,2026-01-25T04:00:57.377933,1 Year Fixed,26.2,,,63.54,6.09,25.19,£50 per fuel,,
ovo,North East,NE2 1UY,2026-01-25T04:02:31.595161,1 Year Fixed,26.19,,,68.28,6.09,25.31,£50 per fuel,,
ovo,North West,PR4 2NB,2026-01-25T04:05:43.027318,1 Year Fixed,6.06,,,54.08,29.52,25.33,£50 per fuel,,
ovo,South East,BN2 7HQ,2026-01-25T04:07:27.621877,1 Year Fixed,27.32,,,58.49,6.1,24.79,£50 per fuel,,
ovo,Southern,BH6 4AS,2026-01-25T04:09:02.400462,1 Year Fixed,27.06,,,54.34,6.26,24.66,£50 per fuel,,
ovo,South Wales,CF14 2DY,2026-01-25T04:12:08.203944,1 Year Fixed,27.22,,,61.92,6.2,25.47,£50 per fuel,,
ovo,South West,PL9 7BS,2026-01-25T04:13:34.330273,1 Year Fixed,27.28,,,62.32,6.3,24.8,£50 per fuel,,
ovo,Yorkshire,YO31 1DT,2026-01-25T04:14:56.204268,1 Year Fixed,26.19,,,68.28,6.09,25.31,£50 per fuel,,
ovo,North Scotland,AB24 3EN,2026-01-25T04:17:55.550359,1 Year Fixed,27.43,,,63.43,6.02,25.38,£50 per fuel,,
ovo,South Scotland,G20 6NQ,2026-01-25T04:19:20.745410,1 Year Fixed,26.7,,,67.63,6.02,25.4,£50 per fuel,,
octopus,Eastern,IP4 5ET,2026-01-25T03:53:31.436789,Agile Octopus,22.1025,,,48.788145,,,£0,,
octopus,East Midlands,DE23 6JJ,2026-01-25T03:53:31.436808,Agile Octopus,21.0525,,,54.84696,,,£0,,
octopus,London,N5 2SD,2026-01-25T03:53:31.436815,Agile Octopus,21.0525,,,39.535125,,,£0,,
octopus,North Wales & Merseyside,L3 2BN,2026-01-25T03:53:31.436820,Agile Octopus,23.163,,,65.83542,,,£0,,
octopus,West Midlands,SY2 6HL,2026-01-25T03:53:31.436824,Agile Octopus,22.1025,,,61.56108,,,£0,,
octopus,North East,NE2 1UY,2026-01-25T03:53:31.436827,Agile Octopus,22.1025,,,70.04823,,,£0,,
octopus,North West,PR4 2NB,2026-01-25T03:53:31.436829,Agile Octopus,22.1025,,,49.98336,,,£0,,
octopus,Southern,BH6 4AS,2026-01-25T03:53:31.436834,Agile Octopus,22.1025,,,62.224785,,,£0,,
octopus,South East,BN2 7HQ,2026-01-25T03:53:31.436837,Agile Octopus,23.163,,,55.78566,,,£0,,
octopus,South Wales,CF14 2DY,2026-01-25T03:53:31.436840,Agile Octopus,23.163,,,62.064135,,,£0,,
octopus,South West,PL9 7BS,2026-01-25T03:53:31.436843,Agile Octopus,24.213,,,66.066105,,,£0,,
octopus,Yorkshire,YO31 1DT,2026-01-25T03:53:31.436845,Agile Octopus,21.0525,,,66.26277,,,£0,,
octopus,South Scotland,G20 6NQ,2026-01-25T03:53:31.436851,Agile Octopus,22.1025,,,62.11863,,,£0,,
octopus,North Scotland,AB24 3EN,2026-01-25T03:53:31.436854,Agile Octopus,25.263,,,59.928225,,,£0,,
octopus,Eastern,IP4 5ET,2026-01-25T03:53:32.043715,Cosy Octopus,14.62608,,,48.388515,,,£0,,
octopus,East Midlands,DE23 6JJ,2026-01-25T03:53:32.043728,Cosy Octopus,14.08806,,,48.31659,,,£0,,
octopus,London,N5 2SD,2026-01-25T03:53:32.043756,Cosy Octopus,14.131005,,,45.465735,,,£0,,
octopus,North Wales & Merseyside,L3 2BN,2026-01-25T03:53:32.043762,Cosy Octopus,15.283905,,,69.026055,,,£0,,
octopus,West Midlands,SY2 6HL,2026-01-25T03:53:32.043766,Cosy Octopus,14.137935,,,52.493595,,,£0,,
octopus,North East,NE2 1UY,2026-01-25T03:53:32.043770,Cosy Octopus,14.01855,,,58.897125,,,£0,,
octopus,North West,PR4 2NB,2026-01-25T03:53:32.043774,Cosy Octopus,14.9457,,,50.28996,,,£0,,
octopus,Southern,BH6 4AS,2026-01-25T03:53:32.043778,Cosy Octopus,14.596155,,,44.50782,,,£0,,
octopus,South East,BN2 7HQ,2026-01-25T03:53:32.043782,Cosy Octopus,14.841015,,,47.76429,,,£0,,
octopus,South Wales,CF14 2DY,2026-01-25T03:53:32.043786,Cosy Octopus,14.79387,,,50.48274,,,£0,,
octopus,South West,PL9 7BS,2026-01-25T03:53:32.043790,Cosy Octopus,14.788305,,,54.389265,,,£0,,
octopus,Yorkshire,YO31 1DT,2026-01-25T03:53:32.043793,Cosy Octopus,13.96521,,,57.84429,,,£0,,
octopus,South Scotland,G20 6NQ,2026-01-25T03:53:32.043798,Cosy Octopus,14.24304,,,57.28044,,,£0,,
octopus,North Scotland,AB24 3EN,2026-01-25T03:53:32.043802,Cosy Octopus,14.916615,,,61.67889,,,£0,,
octopus,Eastern,IP4 5ET,2026-01-25T03:53:32.660852,Cosy Octopus 12M Fixed,28.649355,,,47.7036,,,£25 per fuel,,
octopus,East Midlands,DE23 6JJ,2026-01-25T03:53:32.660869,Cosy Octopus 12M Fixed,27.59547,,,47.631675,,,£25 per fuel,,
octopus,London,N5 2SD,2026-01-25T03:53:32.660875,Cosy Octopus 12M Fixed,27.67968,,,44.78082,,,£25 per fuel,,
octopus,North Wales & Merseyside,L3 2BN,2026-01-25T03:53:32.660881,Cosy Octopus 12M Fixed,29.93802,,,68.34114,,,£25 per fuel,,
octopus,West Midlands,SY2 6HL,2026-01-25T03:53:32.660886,Cosy Octopus 12M Fixed,27.693225,,,51.80868,,,£25 per fuel,,
octopus,North East,NE2 1UY,2026-01-25T03:53:32.660892,Cosy Octopus 12M Fixed,27.459495,,,58.21221,,,£25 per fuel,,
octopus,North West,PR4 2NB,2026-01-25T03:53:32.660898,Cosy Octopus 12M Fixed,29.275575,,,49.605045,,,£25 per fuel,,
octopus,Southern,BH6 4AS,2026-01-25T03:53:32.660904,Cosy Octopus 12M Fixed,28.59087,,,43.822905,,,£25 per fuel,,
octopus,South East,BN2 7HQ,2026-01-25T03:53:32.660910,Cosy Octopus 12M Fixed,29.070405,,,47.07927,,,£25 per fuel,,
octopus,South Wales,CF14 2DY,2026-01-25T03:53:32.660915,Cosy Octopus 12M Fixed,28.978215,,,49.797825,,,£25 per fuel,,
octopus,South West,PL9 7BS,2026-01-25T03:53:32.660921,Cosy Octopus 12M Fixed,28.96719,,,53.70435,,,£25 per fuel,,
octopus,Yorkshire,YO31 1DT,2026-01-25T03:53:32.660926,Cosy Octopus 12M Fixed,27.354915,,,57.15927,,,£25 per fuel,,
octopus,South Scotland,G20 6NQ,2026-01-25T03:53:32.660931,Cosy Octopus 12M Fixed,27.89913,,,56.595525,,,£25 per fuel,,
octopus,North Scotland,AB24 3EN,2026-01-25T03:53:32.660937,Cosy Octopus 12M Fixed,29.218455,,,60.993975,,,£25 per fuel,,
octopus,Eastern,IP4 5ET,2026-01-25T03:53:33.539570,Octopus Flux Import,28.64316,,,48.388515,,,£0,,
octopus,East Midlands,DE23 6JJ,2026-01-25T03:53:33.539585,Octopus Flux Import,27.666555,,,48.31659,,,£0,,
octopus,London,N5 2SD,2026-01-25T03:53:33.539588,Octopus Flux Import,27.80841,,,45.465735,,,£0,,
octopus,North Wales & Merseyside,L3 2BN,2026-01-25T03:53:33.539591,Octopus Flux Import,29.83428,,,69.026055,,,£0,,
octopus,West Midlands,SY2 6HL,2026-01-25T03:53:33.539594,Octopus Flux Import,27.76809,,,52.493595,,,£0,,
octopus,North East,NE2 1UY,2026-01-25T03:53:33.539596,Octopus Flux Import,27.522915,,,58.897125,,,£0,,
octopus,North West,PR4 2NB,2026-01-25T03:53:33.539599,Octopus Flux Import,29.23998,,,50.28996,,,£0,,
octopus,Southern,BH6 4AS,2026-01-25T03:53:33.539601,Octopus Flux Import,28.554435,,,44.50782,,,£0,,
octopus,South East,BN2 7HQ,2026-01-25T03:53:33.539603,Octopus Flux Import,28.99428,,,47.76429,,,£0,,
octopus,South Wales,CF14 2DY,2026-01-25T03:53:33.539606,Octopus Flux Import,28.92099,,,50.48274,,,£0,,
octopus,South West,PL9 7BS,2026-01-25T03:53:33.539608,Octopus Flux Import,28.87584,,,54.389265,,,£0,,
octopus,Yorkshire,YO31 1DT,2026-01-25T03:53:33.539611,Octopus Flux Import,27.50202,,,57.84429,,,£0,,
octopus,South Scotland,G20 6NQ,2026-01-25T03:53:33.539614,Octopus Flux Import,27.093885,,,57.28044,,,£0,,
octopus,North Scotland,AB24 3EN,2026-01-25T03:53:33.539616,Octopus Flux Import,28.218855,,,61.67889,,,£0,,
octopus,Eastern,IP4 5ET,2026-01-25T03:53:34.153025,Octopus Go 12M Fixed,8.49975,,,47.7036,,,£0,,
octopus,East Midlands,DE23 6JJ,2026-01-25T03:53:34.153039,Octopus Go 12M Fixed,8.49975,,,47.631675,,,£0,,
octopus,London,N5 2SD,2026-01-25T03:53:34.153044,Octopus Go 12M Fixed,8.49975,,,44.78082,,,£0,,
octopus,North Wales & Merseyside,L3 2BN,2026-01-25T03:53:34.153052,Octopus Go 12M Fixed,8.49975,,,68.34114,,,£0,,
octopus,West Midlands,SY2 6HL,2026-01-25T03:53:34.153057,Octopus Go 12M Fixed,8.49975,,,51.80868,,,£0,,
octopus,North East,NE2 1UY,2026-01-25T03:53:34.153061,Octopus Go 12M Fixed,8.49975,,,58.21221,,,£0,,
octopus,North West,PR4 2NB,2026-01-25T03:53:34.153066,Octopus Go 12M Fixed,8.49975,,,49.605045,,,£0,,
octopus,Southern,BH6 4AS,2026-01-25T03:53:34.153070,Octopus Go 12M Fixed,8.49975,,,43.822905,,,£0,,
octopus,South East,BN2 7HQ,2026-01-25T03:53:34.153074,Octopus Go 12M Fixed,8.49975,,,47.07927,,,£0,,
octopus,South Wales,CF14 2DY,2026-01-25T03:53:34.153079,Octopus Go 12M Fixed,8.49975,,,49.797825,,,£0,,
octopus,South West,PL9 7BS,2026-01-25T03:53:34.153084,Octopus Go 12M Fixed,8.49975,,,53.70435,,,£0,,
octopus,Yorkshire,YO31 1DT,2026-01-25T03:53:34.153089,Octopus Go 12M Fixed,8.49975,,,57.15927,,,£0,,
octopus,South Scotland,G20 6NQ,2026-01-25T03:53:34.153094,Octopus Go 12M Fixed,8.49975,,,56.595525,,,£0,,
octopus,North Scotland,AB24 3EN,2026-01-25T03:53:34.153099,Octopus Go 12M Fixed,8.49975,,,60.993975,,,£0,,
octopus,Eastern,IP4 5ET,2026-01-25T03:53:34.758022,Octopus Go,30.605085,,,48.388515,,,£0,,
octopus,East Midlands,DE23 6JJ,2026-01-25T03:53:34.758035,Octopus Go,29.508045,,,48.31659,,,£0,,
octopus,London,N5 2SD,2026-01-25T03:53:34.758038,Octopus Go,29.625435,,,45.465735,,,£0,,
octopus,North Wales & Merseyside,L3 2BN,2026-01-25T03:53:34.758040,Octopus Go,31.93953,,,69.026055,,,£0,,
octopus,West Midlands,SY2 6HL,2026-01-25T03:53:34.758042,Octopus Go,29.616405,,,52.493595,,,£0,,
octopus,North East,NE2 1UY,2026-01-25T03:53:34.758045,Octopus Go,29.35233,,,58.897125,,,£0,,
octopus,North West,PR4 2NB,2026-01-25T03:53:34.758047,Octopus Go,31.23498,,,50.28996,,,£0,,
octopus,Southern,BH6 4AS,2026-01-25T03:53:34.758061,Octopus Go,30.5445,,,44.50782,,,£0,,
octopus,South East,BN2 7HQ,2026-01-25T03:53:34.758064,Octopus Go,31.032225,,,47.76429,,,£0,,
octopus,South Wales,CF14 2DY,2026-01-25T03:53:34.758066,Octopus Go,30.936465,,,50.48274,,,£0,,
octopus,South West,PL9 7BS,2026-01-25T03:53:34.758068,Octopus Go,30.914415,,,54.389265,,,£0,,
octopus,Yorkshire,YO31 1DT,2026-01-25T03:53:34.758070,Octopus Go,29.280825,,,57.84429,,,£0,,
octopus,South Scotland,G20 6NQ,2026-01-25T03:53:34.758072,Octopus Go,29.83197,,,57.28044,,,£0,,
octopus,North Scotland,AB24 3EN,2026-01-25T03:53:34.758075,Octopus Go,31.137015,,,61.67889,,,£0,,
octopus,Eastern,IP4 5ET,2026-01-25T03:53:35.389588,Intelligent Octopus Go 12M Fixed,7.00035,,,47.7036,,,£0,,
octopus,East Midlands,DE23 6JJ,2026-01-25T03:53:35.389604,Intelligent Octopus Go 12M Fixed,7.00035,,,47.631675,,,£0,,
octopus,London,N5 2SD,2026-01-25T03:53:35.389609,Intelligent Octopus Go 12M Fixed,7.00035,,,44.78082,,,£0,,
octopus,North Wales & Merseyside,L3 2BN,2026-01-25T03:53:35.389613,Intelligent Octopus Go 12M Fixed,7.00035,,,68.34114,,,£0,,
octopus,West Midlands,SY2 6HL,2026-01-25T03:53:35.389617,Intelligent Octopus Go 12M Fixed,7.00035,,,51.80868,,,£0,,
octopus,North East,NE2 1UY,2026-01-25T03:53:35.389621,Intelligent Octopus Go 12M Fixed,7.00035,,,58.21221,,,£0,,
octopus,North West,PR4 2NB,2026-01-25T03:53:35.389625,Intelligent Octopus Go 12M Fixed,7.00035,,,49.605045,,,£0,,
octopus,Southern,BH6 4AS,2026-01-25T03:53:35.389629,Intelligent Octopus Go 12M Fixed,7.00035,,,43.822905,,,£0,,
octopus,South East,BN2 7HQ,2026-01-25T03:53:35.389633,Intelligent Octopus Go 12M Fixed,7.00035,,,47.07927,,,£0,,
octopus,South Wales,CF14 2DY,2026-01-25T03:53:35.389651,Intelligent Octopus Go 12M Fixed,7.00035,,,49.797825,,,£0,,
octopus,South West,PL9 7BS,2026-01-25T03:53:35.389655,Intelligent Octopus Go 12M Fixed,7.00035,,,53.70435,,,£0,,
octopus,Yorkshire,YO31 1DT,2026-01-25T03:53:35.389659,Intelligent Octopus Go 12M Fixed,7.00035,,,57.15927,,,£0,,
octopus,South Scotland,G20 6NQ,2026-01-25T03:53:35.389663,Intelligent Octopus Go 12M Fixed,7.00035,,,56.595525,,,£0,,
octopus,North Scotland,AB24 3EN,2026-01-25T03:53:35.389668,Intelligent Octopus Go 12M Fixed,7.00035,,,60.993975,,,£0,,
octopus,Eastern,IP4 5ET,2026-01-25T03:53:36.024442,Intelligent Octopus Flux Import,24.126585,,,48.388515,,,£0,,
octopus,East Midlands,DE23 6JJ,2026-01-25T03:53:36.024459,Intelligent Octopus Flux Import,22.77324,,,48.31659,,,£0,,
octopus,London,N5 2SD,2026-01-25T03:53:36.024465,Intelligent Octopus Flux Import,24.62859,,,45.465735,,,£0,,
octopus,North Wales & Merseyside,L3 2BN,2026-01-25T03:53:36.024469,Intelligent Octopus Flux Import,24.26739,,,69.026055,,,£0,,
octopus,West Midlands,SY2 6HL,2026-01-25T03:53:36.024473,Intelligent Octopus Flux Import,22.845165,,,52.493595,,,£0,,
octopus,North East,NE2 1UY,2026-01-25T03:53:36.024478,Intelligent Octopus Flux Import,22.19448,,,58.897125,,,£0,,
octopus,North West,PR4 2NB,2026-01-25T03:53:36.024482,Intelligent Octopus Flux Import,23.8896,,,50.28996,,,£0,,
octopus,Southern,BH6 4AS,2026-01-25T03:53:36.024487,Intelligent Octopus Flux Import,23.56536,,,44.50782,,,£0,,
octopus,South East,BN2 7HQ,2026-01-25T03:53:36.024491,Intelligent Octopus Flux Import,24.12858,,,47.76429,,,£0,,
octopus,South Wales,CF14 2DY,2026-01-25T03:53:36.024495,Intelligent Octopus Flux Import,23.42739,,,50.48274,,,£0,,
octopus,South West,PL9 7BS,2026-01-25T03:53:36.024499,Intelligent Octopus Flux Import,23.11722,,,54.389265,,,£0,,
octopus,Yorkshire,YO31 1DT,2026-01-25T03:53:36.024504,Intelligent Octopus Flux Import,22.557045,,,57.84429,,,£0,,
octopus,South Scotland,G20 6NQ,2026-01-25T03:53:36.024508,Intelligent Octopus Flux Import,22.95741,,,57.28044,,,£0,,
octopus,North Scotland,AB24 3EN,2026-01-25T03:53:36.024512,Intelligent Octopus Flux Import,23.79342,,,61.67889,,,£0,,
octopus,Eastern,IP4 5ET,2026-01-25T03:53:36.677926,Intelligent Octopus Go,29.198085,,,47.7036,,,£0,,
octopus,East Midlands,DE23 6JJ,2026-01-25T03:53:36.677945,Intelligent Octopus Go,28.12404,,,47.631675,,,£0,,
octopus,London,N5 2SD,2026-01-25T03:53:36.677950,Intelligent Octopus Go,28.209825,,,44.78082,,,£0,,
octopus,North Wales & Merseyside,L3 2BN,2026-01-25T03:53:36.677954,Intelligent Octopus Go,30.511425,,,68.34114,,,£0,,
octopus,West Midlands,SY2 6HL,2026-01-25T03:53:36.677957,Intelligent Octopus Go,28.223685,,,51.80868,,,£0,,
octopus,North East,NE2 1UY,2026-01-25T03:53:36.677962,Intelligent Octopus Go,27.985335,,,58.21221,,,£0,,
octopus,North West,PR4 2NB,2026-01-25T03:53:36.677966,Intelligent Octopus Go,29.836275,,,49.605045,,,£0,,
octopus,Southern,BH6 4AS,2026-01-25T03:53:36.677971,Intelligent Octopus Go,29.138445,,,43.822905,,,£0,,
octopus,South East,BN2 7HQ,2026-01-25T03:53:36.677975,Intelligent Octopus Go,29.627115,,,47.07927,,,£0,,
octopus,South Wales,CF14 2DY,2026-01-25T03:53:36.677980,Intelligent Octopus Go,29.533245,,,49.797825,,,£0,,
octopus,South West,PL9 7BS,2026-01-25T03:53:36.677984,Intelligent Octopus Go,29.52201,,,53.70435,,,£0,,
octopus,Yorkshire,YO31 1DT,2026-01-25T03:53:36.677989,Intelligent Octopus Go,27.878865,,,57.15927,,,£0,,
octopus,South Scotland,G20 6NQ,2026-01-25T03:53:36.677993,Intelligent Octopus Go,28.43358,,,56.595525,,,£0,,
octopus,North Scotland,AB24 3EN,2026-01-25T03:53:36.677998,Intelligent Octopus Go,29.778105,,,60.993975,,,£0,,
octopus,Eastern,IP4 5ET,2026-01-25T03:53:37.322884,Intelligent Octopus Go - EV Saver,29.198085,,,47.7036,,,£0,,
octopus,East Midlands,DE23 6JJ,2026-01-25T03:53:37.322898,Intelligent Octopus Go - EV Saver,28.12404,,,47.631675,,,£0,,
octopus,London,N5 2SD,2026-01-25T03:53:37.322902,Intelligent Octopus Go - EV Saver,28.209825,,,44.78082,,,£0,,
octopus,North Wales & Merseyside,L3 2BN,2026-01-25T03:53:37.322905,Intelligent Octopus Go - EV Saver,30.511425,,,68.34114,,,£0,,
octopus,West Midlands,SY2 6HL,2026-01-25T03:53:37.322908,Intelligent Octopus Go - EV Saver,28.223685,,,51.80868,,,£0,,
octopus,North East,NE2 1UY,2026-01-25T03:53:37.322911,Intelligent Octopus Go - EV Saver,27.985335,,,58.21221,,,£0,,
octopus,North West,PR4 2NB,2026-01-25T03:53:37.322913,Intelligent Octopus Go - EV Saver,29.836275,,,49.605045,,,£0,,
octopus,Southern,BH6 4AS,2026-01-25T03:53:37.322915,Intelligent Octopus Go - EV Saver,29.138445,,,43.822905,,,£0,,
octopus,South East,BN2 7HQ,2026-01-25T03:53:37.322917,Intelligent Octopus Go - EV Saver,29.627115,,,47.07927,,,£0,,
octopus,South Wales,CF14 2DY,2026-01-25T03:53:37.322920,Intelligent Octopus Go - EV Saver,29.533245,,,49.797825,,,£0,,
octopus,South West,PL9 7BS,2026-01-25T03:53:37.322922,Intelligent Octopus Go - EV Saver,29.52201,,,53.70435,,,£0,,
octopus,Yorkshire,YO31 1DT,2026-01-25T03:53:37.322925,Intelligent Octopus Go - EV Saver,27.878865,,,57.15927,,,£0,,
octopus,South Scotland,G20 6NQ,2026-01-25T03:53:37.322927,Intelligent Octopus Go - EV Saver,28.43358,,,56.595525,,,£0,,
octopus,North Scotland,AB24 3EN,2026-01-25T03:53:37.322929,Intelligent Octopus Go - EV Saver,29.778105,,,60.993975,,,£0,,
octopus,Eastern,IP4 5ET,2026-01-25T03:53:37.937064,Octopus 12M Fixed,25.9371,,,47.29221,5.44257,32.710125,£0,,
octopus,East Midlands,DE23 6JJ,2026-01-25T03:53:37.937083,Octopus 12M Fixed,24.96123,,,48.126435,5.41443,32.7936,£0,,
octopus,London,N5 2SD,2026-01-25T03:53:37.937090,Octopus 12M Fixed,25.03914,,,45.09729,5.65404,33.61344,£0,,
octopus,North Wales & Merseyside,L3 2BN,2026-01-25T03:53:37.937096,Octopus 12M Fixed,27.130425,,,68.98836,5.69625,33.475365,£0,,
octopus,West Midlands,SY2 6HL,2026-01-25T03:53:37.937101,Octopus 12M Fixed,25.05174,,,52.041675,5.463255,33.09558,£0,,
octopus,North East,NE2 1UY,2026-01-25T03:53:37.937106,Octopus 12M Fixed,24.83523,,,58.905525,5.574135,33.187665,£0,,
octopus,North West,PR4 2NB,2026-01-25T03:53:37.937112,Octopus 12M Fixed,26.517015,,,50.197665,5.284125,33.216435,£0,,
octopus,Southern,BH6 4AS,2026-01-25T03:53:37.937116,Octopus 12M Fixed,25.88292,,,43.66467,5.571195,32.52312,£0,,
octopus,South East,BN2 7HQ,2026-01-25T03:53:37.937122,Octopus 12M Fixed,26.326965,,,46.636275,5.482365,32.643975,£0,,
octopus,South Wales,CF14 2DY,2026-01-25T03:53:37.937127,Octopus 12M Fixed,26.2416,,,50.72991,5.698035,33.343065,£0,,
octopus,South West,PL9 7BS,2026-01-25T03:53:37.937132,Octopus 12M Fixed,26.231415,,,53.07435,5.78844,32.684295,£0,,
octopus,Yorkshire,YO31 1DT,2026-01-25T03:53:37.937137,Octopus 12M Fixed,24.73842,,,57.68868,5.62989,33.16467,£0,,
octopus,South Scotland,G20 6NQ,2026-01-25T03:53:37.937142,Octopus 12M Fixed,25.24242,,,55.591515,5.60427,33.285525,£0,,
octopus,North Scotland,AB24 3EN,2026-01-25T03:53:37.937147,Octopus 12M Fixed,26.464095,,,60.038895,5.417895,33.256755,£0,,
octopus,Eastern,IP4 5ET,2026-01-25T03:53:38.565138,Snug Octopus,8.99997,,,48.388515,,,£0,,
octopus,East Midlands,DE23 6JJ,2026-01-25T03:53:38.565151,Snug Octopus,8.99997,,,48.31659,,,£0,,
octopus,London,N5 2SD,2026-01-25T03:53:38.565154,Snug Octopus,8.99997,,,45.465735,,,£0,,
octopus,North Wales & Merseyside,L3 2BN,2026-01-25T03:53:38.565157,Snug Octopus,8.99997,,,69.026055,,,£0,,
octopus,West Midlands,SY2 6HL,2026-01-25T03:53:38.565160,Snug Octopus,8.99997,,,52.493595,,,£0,,
octopus,North East,NE2 1UY,2026-01-25T03:53:38.565162,Snug Octopus,8.99997,,,58.897125,,,£0,,
octopus,North West,PR4 2NB,2026-01-25T03:53:38.565165,Snug Octopus,8.99997,,,50.28996,,,£0,,
octopus,Southern,BH6 4AS,2026-01-25T03:53:38.565167,Snug Octopus,8.99997,,,44.50782,,,£0,,
octopus,South East,BN2 7HQ,2026-01-25T03:53:38.565169,Snug Octopus,8.99997,,,47.76429,,,£0,,
octopus,South Wales,CF14 2DY,2026-01-25T03:53:38.565171,Snug Octopus,8.99997,,,50.48274,,,£0,,
octopus,South West,PL9 7BS,2026-01-25T03:53:38.565173,Snug Octopus,8.99997,,,54.389265,,,£0,,
octopus,Yorkshire,YO31 1DT,2026-01-25T03:53:38.565175,Snug Octopus,8.99997,,,57.84429,,,£0,,
octopus,South Scotland,G20 6NQ,2026-01-25T03:53:38.565177,Snug Octopus,8.99997,,,57.28044,,,£0,,
octopus,North Scotland,AB24 3EN,2026-01-25T03:53:38.565180,Snug Octopus,8.99997,,,61.67889,,,£0,,
scottish_power,Eastern,IP4 5ET,2026-01-25T03:53:36.043574,1 Year Fixed Price,27.623,,,49.33,5.422,34.73,£50.00,,
scottish_power,East Midlands,DE23 6JJ,2026-01-25T03:55:21.595872,1 Year Fixed Price,26.629,,,50.17,5.347,34.82,£50.00,,
scottish_power,London,N5 2SD,2026-01-25T03:57:04.105456,,26.169,,,47.1,5.836,35.62,£0.00,,
scottish_power,North Wales & Merseyside,L3 2BN,2026-01-25T03:59:56.927676,1 Year Fixed Price,28.83,,,71.01,5.498,35.48,£50.00,,
scottish_power,West Midlands,SY2 6HL,2026-01-25T04:06:37.781767,1 Year Fixed Price,26.728,,,54.08,5.41,35.11,£50.00,,
scottish_power,North East,NE2 1UY,2026-01-25T04:08:34.164592,1 Year Fixed Price,26.487,,,60.93,5.49,35.2,£50.00,,
scottish_power,North West,PR4 2NB,2026-01-25T04:11:20.018553,1 Year Fixed Price,34.306,,,55.47,5.345,40.23,£50.00,,
scottish_power,South East,BN2 7HQ,2026-01-25T04:13:16.255679,1 Year Fixed Price,28.009,,,48.66,5.382,34.67,£50.00,,
scottish_power,Southern,BH6 4AS,2026-01-25T04:15:06.002056,1 Year Fixed Price,27.567,,,45.7,5.558,34.55,£50.00,,
scottish_power,South Wales,CF14 2DY,2026-01-25T04:18:07.485492,1 Year Fixed Price,27.602,,,56.73,5.557,40.35,£50.00,,
scottish_power,South West,PL9 7BS,2026-01-25T04:20:05.884777,1 Year Fixed Price,27.9,,,55.1,5.704,34.7,£50.00,,
scottish_power,Yorkshire,YO31 1DT,2026-01-25T04:21:45.057689,1 Year Fixed Price,26.487,,,60.93,5.49,35.2,£50.00,,
scottish_power,North Scotland,AB24 3EN,2026-01-25T04:24:28.442274,1 Year Fixed Price,28.102,,,62.06,5.445,35.27,£50.00,,
scottish_power,South Scotland,G20 6NQ,2026-01-25T04:26:15.089158,1 Year Fixed Price,26.603,,,61.61,5.338,40.3,£50.00,,
edf,Eastern,IP4 5ET,2026-01-25T03:53:40.990426,,,,,,,,,,No valid address found after 15 attempts
edf,East Midlands,DE23 6JJ,2026-01-25T04:07:31.139653,,,,,,,,,,No valid address found after 15 attempts
edf,London,N5 2SD,2026-01-25T04:21:13.303003,,,,,,,,,,No valid address found after 15 attempts
fuse_energy,Eastern,IP4 5ET,2026-01-25T03:53:45.601128,Fixed (13m) v3,24.2,,,39.63,5.34,27.46,£50.00,,
fuse_energy,East Midlands,DE23 6JJ,2026-01-25T03:54:48.587813,Fixed (13m) v3,23.29,,,40.62,5.3,27.54,£50.00,,
fuse_energy,London,N5 2SD,2026-01-25T03:55:50.313073,Fixed (13m) v3,23.34,,,37.45,5.43,28.42,£50.00,,
fuse_energy,North Wales & Merseyside,L3 2BN,2026-01-25T03:56:50.132765,Fixed (13m) v3,25.05,,,61.29,5.37,24.31,£50.00,,
fuse_energy,West Midlands,SY2 6HL,2026-01-25T03:57:52.873796,Fixed (13m) v3,23.28,,,44.36,5.31,27.83,£50.00,,
fuse_energy,North East,NE2 1UY,2026-01-25T03:59:01.615792,Fixed (13m) v3,23.08,,,51.19,5.4,27.41,£50.00,,
fuse_energy,North West,PR4 2NB,2026-01-25T03:59:56.699533,Fixed (13m) v3,24.68,,,42.49,5.19,27.95,£50.00,,
fuse_energy,South East,BN2 7HQ,2026-01-25T04:01:18.030428,Fixed (13m) v3,24.87,,,38.99,5.35,27.4,£50.00,,
fuse_energy,Southern,BH6 4AS,2026-01-25T04:02:21.031545,Fixed (13m) v3,24.45,,,35.98,5.41,27.28,£50.00,,
fuse_energy,South Wales,CF14 2DY,2026-01-25T04:04:28.521952,Fixed (13m) v3,24.39,,,43.11,5.51,27.5,£50.00,,
fuse_energy,South West,PL9 7BS,2026-01-25T04:05:51.455205,Fixed (13m) v3,24.64,,,45.44,5.54,27.4,£50.00,,
fuse_energy,Yorkshire,YO31 1DT,2026-01-25T04:06:44.174890,Fixed (13m) v3,23.08,,,51.19,5.4,27.41,£50.00,,
fuse_energy,North Scotland,AB24 3EN,2026-01-25T04:07:36.913440,Fixed (13m) v3,24.42,,,52.38,5.33,27.99,£50.00,,
fuse_energy,South Scotland,G20 6NQ,2026-01-25T04:09:20.666204,Fixed (13m) v3,24.23,,,47.94,5.32,28.01,£50.00,,
